Workbook

Sheet graduation_data
A1: age | B1: etr | C1: true_mortality | D1: deaths | E1: crude_mortality | F1: graduated_weighted | G1: graduated_splines | H1: zx | I1: zx_squared | J1: spline_zx | K1: zx_spline_squared
A2: 20 | B2: 1000 | C2: 0.012802205 | D2: 16 | E2: 0.016 | F2: 0.013498082 | G2: 0.013568165 | H2: 0.18535356 | I2: 0.46373934 | J2: 0.17923095 | K2: 0.032123735
A3: 21 | B3: 950 | C3: 0.013054404 | D3: 18 | E3: 0.018947368 | F3: 0.01374546 | G3: 0.013668354 | H3: 0.37844556 | I3: 1.8702072 | J3: 0.38622167 | K3: 0.14916718
A4: 22 | B4: 902.5 | C4: 0.0133293 | D4: 12 | E4: 0.013296399 | F4: 0.014016086 | G4: 0.013781416 | H4: -0.051347206 | I4: 0.033350902 | J4: -0.035193568 | K4: 0.0012385872
A5: 23 | B5: 857.375 | C5: 0.013628937 | D5: 8 | E5: 0.0093308062 | F5: 0.014312144 | G5: 0.013933128 | H5: -0.34804973 | I5: 1.4864768 | J5: -0.33031506 | K5: 0.10910804
A6: 24 | B6: 814.50625 | C6: 0.013955542 | D6: 6 | E6: 0.007366426 | F6: 0.014636026 | G6: 0.014148818 | H6: -0.49669219 | I6: 2.9409812 | J6: -0.47936102 | K6: 0.22978699
A7: 25 | B7: 773.78094 | C7: 0.01431154 | D7: 12 | E7: 0.015508265 | F7: 0.014990345 | G7: 0.014439523 | H7: 0.034550274 | I7: 0.013846265 | J7: 0.074015081 | K7: 0.0054782322
A8: 26 | B8: 735.09189 | C8: 0.014699579 | D8: 10 | E8: 0.013603741 | F8: 0.015377962 | G8: 0.014799708 | H8: -0.11537423 | I8: 0.15047281 | J8: -0.080810122 | K8: 0.0065302758
A9: 27 | B9: 698.3373 | C9: 0.015122541 | D9: 11 | E9: 0.015751701 | F9: 0.015802007 | G9: 0.015221813 | H9: -0.0031835142 | I9: 0.00011183843 | J9: 0.034811081 | K9: 0.0012118114
A10: 28 | B10: 663.42043 | C10: 0.01558357 | D10: 10 | E10: 0.015073398 | F10: 0.016265902 | G10: 0.015696752 | H10: -0.07331313 | I10: 0.058000337 | J10: -0.039712284 | K10: 0.0015770655
A11: 29 | B11: 630.24941 | C11: 0.016086091 | D11: 17 | E11: 0.026973449 | F11: 0.016773393 | G11: 0.016215563 | H11: 0.60810924 | I11: 3.9092782 | J11: 0.6634297 | K11: 0.44013896
A12: 30 | B12: 598.73694 | C12: 0.016633839 | D12: 15 | E12: 0.025052739 | F12: 0.017328577 | G12: 0.016772885 | H12: 0.445747 | I12: 2.0614643 | J12: 0.49364515 | K12: 0.24368554
A13: 31 | B13: 568.80009 | C13: 0.017230885 | D13: 7 | E13: 0.012306608 | F13: 0.017935936 | G13: 0.017384171 | H13: -0.31385749 | I13: 1.0049598 | J13: -0.29207963 | K13: 0.08531051
... A42: 60 | B42: 128.51216 | C42: 0.098015646 | D42: 16 | E42: 0.12450184 | F42: 0.10651369 | G42: 0.091957908 | H42: 0.16888112 | I42: 0.39040181 | J42: 0.35390032 | K42: 0.12524543

Sheet Mortality
I2: =100000-H15 -> 1340.7392
B4: sum Assured | C4: =50000 -> 50000
B5: interst | C5: 0.05
B6: v | C6: =1/(1+C5) -> 0.95238095
B7: policy years | C7: 10
G11: Expected Survivors at each age
D13: age | E13: px_Crude | F13: lx_crude | G13: px_weighted | H13: lx_weighted | I13: px_splines | J13: lx_splines | N13: Age | O13: Dx_crude | P13: Dx_Graduated_Weighted | Q13: DX_Graduated _Splines
D14: =graduation_data!A2 -> 20 | E14: =EXP(-graduation_data!E2) -> 0.98412732 | F14: =100000 -> 100000 | G14: =EXP(-graduation_data!F2) -> 0.98659261 | H14: =100000 -> 100000 | I14: =EXP(-graduation_data!G2) -> 0.98652347 | J14: =100000 -> 100000 | N14: =Table1[[#This Row],[age]] -> 20 | O14: =Table1[[#This Row],[lx_crude]]-F15 -> 1587.268 | P14: =Table1[[#This Row],[lx_weighted]]-H15 -> 1340.7392 | Q14: =Table1[[#This Row],[lx_splines]]-J15 -> 1347.6532
D15: =graduation_data!A3 -> 21 | E15: =EXP(-graduation_data!E3) -> 0.981231 | F15: =F14*E14 -> 98412.732 | G15: =EXP(-graduation_data!F3) -> 0.98634858 | H15: =H14*G14 -> 98659.261 | I15: =EXP(-graduation_data!G3) -> 0.98642463 | J15: =J14*I14 -> 98652.347 | N15: =Table1[[#This Row],[age]] -> 21 | O15: =Table1[[#This Row],[lx_crude]]-F16 -> 1847.1081 | P15: =Table1[[#This Row],[lx_weighted]]-H16 -> 1346.8393 | Q15: =Table1[[#This Row],[lx_splines]]-J16 -> 1339.2417
D16: =graduation_data!A4 -> 22 | E16: =EXP(-graduation_data!E4) -> 0.98679161 | F16: =F15*E15 -> 96565.624 | G16: =EXP(-graduation_data!F4) -> 0.98608168 | H16: =H15*G15 -> 97312.422 | I16: =EXP(-graduation_data!G4) -> 0.98631311 | J16: =J15*I15 -> 97313.105 | N16: =Table1[[#This Row],[age]] -> 22 | O16: =Table1[[#This Row],[lx_crude]]-F17 -> 1275.4766 | P16: =Table1[[#This Row],[lx_weighted]]-H17 -> 1354.4252 | Q16: =Table1[[#This Row],[lx_splines]]-J17 -> 1331.9135
D17: =graduation_data!A5 -> 23 | E17: =EXP(-graduation_data!E5) -> 0.99071259 | F17: =F16*E16 -> 95290.147 | G17: =EXP(-graduation_data!F5) -> 0.98578979 | H17: =H16*G16 -> 95957.996 | I17: =EXP(-graduation_data!G5) -> 0.98616349 | J17: =J16*I16 -> 95981.192 | N17: =Table1[[#This Row],[age]] -> 23 | O17: =Table1[[#This Row],[lx_crude]]-F18 -> 884.9986 | P17: =Table1[[#This Row],[lx_weighted]]-H18 -> 1363.5835 | Q17: =Table1[[#This Row],[lx_splines]]-J18 -> 1328.0449
D18: =graduation_data!A6 -> 24 | E18: =EXP(-graduation_data!E6) -> 0.99266064 | F18: =F17*E17 -> 94405.149 | G18: =EXP(-graduation_data!F6) -> 0.98547056 | H18: =H17*G17 -> 94594.413 | I18: =EXP(-graduation_data!G6) -> 0.98595081 | J18: =J17*I17 -> 94653.147 | N18: =Table1[[#This Row],[age]] -> 24 | O18: =Table1[[#This Row],[lx_crude]]-F19 -> 692.87341 | P18: =Table1[[#This Row],[lx_weighted]]-H19 -> 1374.4038 | Q18: =Table1[[#This Row],[lx_splines]]-J19 -> 1329.8004
D19: =graduation_data!A7 -> 25 | E19: =EXP(-graduation_data!E7) -> 0.98461137 | F19: =F18*E18 -> 93712.275 | G19: =EXP(-graduation_data!F7) -> 0.98512145 | H19: =H18*G18 -> 93220.009 | I19: =EXP(-graduation_data!G7) -> 0.98566423 | J19: =J18*I18 -> 93323.346 | N19: =Table1[[#This Row],[age]] -> 25 | O19: =Table1[[#This Row],[lx_crude]]-F20 -> 1442.1037 | P19: =Table1[[#This Row],[lx_weighted]]-H20 -> 1386.9785 | Q19: =Table1[[#This Row],[lx_splines]]-J20 -> 1337.8623
D20: =graduation_data!A8 -> 26 | E20: =EXP(-graduation_data!E8) -> 0.98648837 | F20: =F19*E19 -> 92270.172 | G20: =EXP(-graduation_data!F8) -> 0.98473968 | H20: =H19*G19 -> 91833.031 | I20: =EXP(-graduation_data!G8) -> 0.98530927 | J20: =J19*I19 -> 91985.484 | N20: =Table1[[#This Row],[age]] -> 26 | O20: =Table1[[#This Row],[lx_crude]]-F21 -> 1246.7203 | P20: =Table1[[#This Row],[lx_weighted]]-H21 -> 1401.4019 | Q20: =Table1[[#This Row],[lx_splines]]-J21 -> 1351.3339
D21: =graduation_data!A9 -> 27 | E21: =EXP(-graduation_data!E9) -> 0.98437171 | F21: =F20*E20 -> 91023.451 | G21: =EXP(-graduation_data!F9) -> 0.98432219 | H21: =H20*G20 -> 90431.629 | I21: =EXP(-graduation_data!G9) -> 0.98489345 | J21: =J20*I20 -> 90634.15 | N21: =Table1[[#This Row],[age]] -> 27 | O21: =Table1[[#This Row],[lx_crude]]-F22 -> 1422.541 | P21: =Table1[[#This Row],[lx_weighted]]-H22 -> 1417.7699 | Q21: =Table1[[#This Row],[lx_splines]]-J22 -> 1369.169
D22: =graduation_data!A10 -> 28 | E22: =EXP(-graduation_data!E10) -> 0.98503964 | F22: =F21*E21 -> 89600.91 | G22: =EXP(-graduation_data!F10) -> 0.98386567 | H22: =H21*G21 -> 89013.859 | I22: =EXP(-graduation_data!G10) -> 0.9844258 | J22: =J21*I21 -> 89264.981 | N22: =Table1[[#This Row],[age]] -> 28 | O22: =Table1[[#This Row],[lx_crude]]-F23 -> 1340.4621 | P22: =Table1[[#This Row],[lx_weighted]]-H23 -> 1436.1787 | Q22: =Table1[[#This Row],[lx_splines]]-J23 -> 1390.2306
D23: =graduation_data!A11 -> 29 | E23: =EXP(-graduation_data!E11) -> 0.97338709 | F23: =F22*E22 -> 88260.448 | G23: =EXP(-graduation_data!F11) -> 0.9833665 | H23: =H22*G22 -> 87577.68 | I23: =EXP(-graduation_data!G11) -> 0.9839152 | J23: =J22*I22 -> 87874.75 | N23: =Table1[[#This Row],[age]] -> 29 | O23: =Table1[[#This Row],[lx_crude]]-F24 -> 2348.8677 | P23: =Table1[[#This Row],[lx_weighted]]-H24 -> 1456.7236 | Q23: =Table1[[#This Row],[lx_splines]]-J24 -> 1413.4476
D24: =graduation_data!A12 -> 30 | E24: =EXP(-graduation_data!E12) -> 0.97525848 | F24: =F23*E23 -> 85911.58 | G24: =EXP(-graduation_data!F12) -> 0.9828207 | H24: =H23*G23 -> 86120.957 | I24: =EXP(-graduation_data!G12) -> 0.983367 | J24: =J23*I23 -> 86461.303 | N24: =Table1[[#This Row],[age]] -> 30 | O24: =Table1[[#This Row],[lx_crude]]-F25 -> 2125.5833 | P24: =Table1[[#This Row],[lx_weighted]]-H25 -> 1479.4978 | Q24: =Table1[[#This Row],[lx_splines]]-J25 -> 1438.1111
D25: =graduation_data!A13 -> 31 | E25: =EXP(-graduation_data!E13) -> 0.98776881 | F25: =F24*E24 -> 83785.997 | G25: =EXP(-graduation_data!F13) -> 0.98222396 | H25: =H24*G24 -> 84641.459 | I25: =EXP(-graduation_data!G13) -> 0.98276606 | J25: =J24*I24 -> 85023.192 | N25: =Table1[[#This Row],[age]] -> 31 | O25: =Table1[[#This Row],[lx_crude]]-F26 -> 1024.8026 | P25: =Table1[[#This Row],[lx_weighted]]-H26 -> 1504.5904 | Q25: =Table1[[#This Row],[lx_splines]]-J26 -> 1465.2844
D26: =graduation_data!A14 -> 32 | E26: =EXP(-graduation_data!E14) -> 0.98895771 | F26: =F25*E25 -> 82761.194 | G26: =EXP(-graduation_data!F14) -> 0.98157155 | H26: =H25*G25 -> 83136.868 | I26: =EXP(-graduation_data!G14) -> 0.98208201 | J26: =J25*I25 -> 83557.907 | N26: =Table1[[#This Row],[age]] -> 32 | O26: =Table1[[#This Row],[lx_crude]]-F27 -> 913.87296 | P26: =Table1[[#This Row],[lx_weighted]]-H27 -> 1532.084 | Q26: =Table1[[#This Row],[lx_splines]]-J27 -> 1497.1898
... D54: =graduation_data!A42 -> 60 | E54: =EXP(-graduation_data!E42) -> 0.88293664 | F54: =F53*E53 -> 24494.973 | G54: =EXP(-graduation_data!F42) -> 0.89896274 | H54: =H53*G53 -> 24065.451 | I54: =EXP(-graduation_data!G42) -> 0.91214354 | J54: =J53*I53 -> 23934.47 | N54: =Table1[[#This Row],[age]] -> 60 | O54: =Table1[[#This Row],[lx_crude]]-F55 -> 24494.973 | P54: =Table1[[#This Row],[lx_weighted]]-H55 -> 24065.451 | Q54: =Table1[[#This Row],[lx_splines]]-J55 -> 23934.47

Sheet Assurance FActors
C8: age | D8: term (n) | E8: crude | F8: Graduated_weighted | G8: Graduated_splines
C9: =graduation_data!A2 -> 20 | D9: 10 | E9: {=SUMPRODUCT(OFFSET(Mortality!$O14,0,0,'Assurance FActors'!D9,1),Mortality!$C$6^ROW(INDIRECT("1:"&$D$9)))/Mortality!F14} -> 0.10790892 | F9: {=SUMPRODUCT(OFFSET(Mortality!$P14,0,0,Mortality!$C$7,1),Mortality!$C$6^ROW(INDIRECT("1:"&$D$9)))/Mortality!H14} -> 0.10677838 | G9: {=SUMPRODUCT(OFFSET(Mortality!$Q14,0,0,Mortality!$C$7,1),Mortality!$C$6^ROW(INDIRECT("1:"&$D$9)))/Mortality!J14} -> 0.10432585
C10: =graduation_data!A3 -> 21 | D10: 10 | E10: {=SUMPRODUCT(OFFSET(Mortality!$O15,0,0,'Assurance FActors'!D10,1),Mortality!$C$6^ROW(INDIRECT("1:"&$D$9)))/Mortality!F15} -> 0.11226284 | F10: {=SUMPRODUCT(OFFSET(Mortality!$P15,0,0,Mortality!$C$7,1),Mortality!$C$6^ROW(INDIRECT("1:"&$D$9)))/Mortality!H15} -> 0.1092576 | G10: {=SUMPRODUCT(OFFSET(Mortality!$Q15,0,0,Mortality!$C$7,1),Mortality!$C$6^ROW(INDIRECT("1:"&$D$9)))/Mortality!J15} -> 0.10632729
C11: =graduation_data!A4 -> 22 | D11: 10 | E11: {=SUMPRODUCT(OFFSET(Mortality!$O16,0,0,'Assurance FActors'!D11,1),Mortality!$C$6^ROW(INDIRECT("1:"&$D$9)))/Mortality!F16} -> 0.10751786 | F11: {=SUMPRODUCT(OFFSET(Mortality!$P16,0,0,Mortality!$C$7,1),Mortality!$C$6^ROW(INDIRECT("1:"&$D$9)))/Mortality!H16} -> 0.11195988 | G11: {=SUMPRODUCT(OFFSET(Mortality!$Q16,0,0,Mortality!$C$7,1),Mortality!$C$6^ROW(INDIRECT("1:"&$D$9)))/Mortality!J16} -> 0.10866187
C12: =graduation_data!A5 -> 23 | D12: 10 | E12: {=SUMPRODUCT(OFFSET(Mortality!$O17,0,0,'Assurance FActors'!D12,1),Mortality!$C$6^ROW(INDIRECT("1:"&$D$9)))/Mortality!F17} -> 0.10690736 | F12: {=SUMPRODUCT(OFFSET(Mortality!$P17,0,0,Mortality!$C$7,1),Mortality!$C$6^ROW(INDIRECT("1:"&$D$9)))/Mortality!H17} -> 0.11490426 | G12: {=SUMPRODUCT(OFFSET(Mortality!$Q17,0,0,Mortality!$C$7,1),Mortality!$C$6^ROW(INDIRECT("1:"&$D$9)))/Mortality!J17} -> 0.11137772
C13: =graduation_data!A6 -> 24 | D13: 10 | E13: {=SUMPRODUCT(OFFSET(Mortality!$O18,0,0,'Assurance FActors'!D13,1),Mortality!$C$6^ROW(INDIRECT("1:"&$D$9)))/Mortality!F18} -> 0.1152144 | F13: {=SUMPRODUCT(OFFSET(Mortality!$P18,0,0,Mortality!$C$7,1),Mortality!$C$6^ROW(INDIRECT("1:"&$D$9)))/Mortality!H18} -> 0.11811124 | G13: {=SUMPRODUCT(OFFSET(Mortality!$Q18,0,0,Mortality!$C$7,1),Mortality!$C$6^ROW(INDIRECT("1:"&$D$9)))/Mortality!J18} -> 0.11451435
C14: =graduation_data!A7 -> 25 | D14: 10 | E14: {=SUMPRODUCT(OFFSET(Mortality!$O19,0,0,'Assurance FActors'!D14,1),Mortality!$C$6^ROW(INDIRECT("1:"&$D$9)))/Mortality!F19} -> 0.11876299 | F14: {=SUMPRODUCT(OFFSET(Mortality!$P19,0,0,Mortality!$C$7,1),Mortality!$C$6^ROW(INDIRECT("1:"&$D$9)))/Mortality!H19} -> 0.12160279 | G14: {=SUMPRODUCT(OFFSET(Mortality!$Q19,0,0,Mortality!$C$7,1),Mortality!$C$6^ROW(INDIRECT("1:"&$D$9)))/Mortality!J19} -> 0.11809669
C15: =graduation_data!A8 -> 26 | D15: 10 | E15: {=SUMPRODUCT(OFFSET(Mortality!$O20,0,0,'Assurance FActors'!D15,1),Mortality!$C$6^ROW(INDIRECT("1:"&$D$9)))/Mortality!F20} -> 0.12342534 | F15: {=SUMPRODUCT(OFFSET(Mortality!$P20,0,0,Mortality!$C$7,1),Mortality!$C$6^ROW(INDIRECT("1:"&$D$9)))/Mortality!H20} -> 0.12540246 | G15: {=SUMPRODUCT(OFFSET(Mortality!$Q20,0,0,Mortality!$C$7,1),Mortality!$C$6^ROW(INDIRECT("1:"&$D$9)))/Mortality!J20} -> 0.1221455
C16: =graduation_data!A9 -> 27 | D16: 10 | E16: {=SUMPRODUCT(OFFSET(Mortality!$O21,0,0,'Assurance FActors'!D16,1),Mortality!$C$6^ROW(INDIRECT("1:"&$D$9)))/Mortality!F21} -> 0.12710144 | F16: {=SUMPRODUCT(OFFSET(Mortality!$P21,0,0,Mortality!$C$7,1),Mortality!$C$6^ROW(INDIRECT("1:"&$D$9)))/Mortality!H21} -> 0.1295354 | G16: {=SUMPRODUCT(OFFSET(Mortality!$Q21,0,0,Mortality!$C$7,1),Mortality!$C$6^ROW(INDIRECT("1:"&$D$9)))/Mortality!J21} -> 0.12668473
C17: =graduation_data!A10 -> 28 | D17: 10 | E17: {=SUMPRODUCT(OFFSET(Mortality!$O22,0,0,'Assurance FActors'!D17,1),Mortality!$C$6^ROW(INDIRECT("1:"&$D$9)))/Mortality!F22} -> 0.13568099 | F17: {=SUMPRODUCT(OFFSET(Mortality!$P22,0,0,Mortality!$C$7,1),Mortality!$C$6^ROW(INDIRECT("1:"&$D$9)))/Mortality!H22} -> 0.13402842 | G17: {=SUMPRODUCT(OFFSET(Mortality!$Q22,0,0,Mortality!$C$7,1),Mortality!$C$6^ROW(INDIRECT("1:"&$D$9)))/Mortality!J22} -> 0.13174255
C18: =graduation_data!A11 -> 29 | D18: 10 | E18: {=SUMPRODUCT(OFFSET(Mortality!$O23,0,0,'Assurance FActors'!D18,1),Mortality!$C$6^ROW(INDIRECT("1:"&$D$9)))/Mortality!F23} -> 0.13968512 | F18: {=SUMPRODUCT(OFFSET(Mortality!$P23,0,0,Mortality!$C$7,1),Mortality!$C$6^ROW(INDIRECT("1:"&$D$9)))/Mortality!H23} -> 0.13891004 | G18: {=SUMPRODUCT(OFFSET(Mortality!$Q23,0,0,Mortality!$C$7,1),Mortality!$C$6^ROW(INDIRECT("1:"&$D$9)))/Mortality!J23} -> 0.13735191
C19: =graduation_data!A12 -> 30 | D19: 10 | E19: {=SUMPRODUCT(OFFSET(Mortality!$O24,0,0,'Assurance FActors'!D19,1),Mortality!$C$6^ROW(INDIRECT("1:"&$D$9)))/Mortality!F24} -> 0.13686726 | F19: {=SUMPRODUCT(OFFSET(Mortality!$P24,0,0,Mortality!$C$7,1),Mortality!$C$6^ROW(INDIRECT("1:"&$D$9)))/Mortality!H24} -> 0.14421044 | G19: {=SUMPRODUCT(OFFSET(Mortality!$Q24,0,0,Mortality!$C$7,1),Mortality!$C$6^ROW(INDIRECT("1:"&$D$9)))/Mortality!J24} -> 0.14355351
C20: =graduation_data!A13 -> 31 | D20: 10 | E20: {=SUMPRODUCT(OFFSET(Mortality!$O25,0,0,'Assurance FActors'!D20,1),Mortality!$C$6^ROW(INDIRECT("1:"&$D$9)))/Mortality!F25} -> 0.1417711 | F20: {=SUMPRODUCT(OFFSET(Mortality!$P25,0,0,Mortality!$C$7,1),Mortality!$C$6^ROW(INDIRECT("1:"&$D$9)))/Mortality!H25} -> 0.14996151 | G20: {=SUMPRODUCT(OFFSET(Mortality!$Q25,0,0,Mortality!$C$7,1),Mortality!$C$6^ROW(INDIRECT("1:"&$D$9)))/Mortality!J25} -> 0.1503914
... C39: =graduation_data!A32 -> 50 | D39: 10 | E39: {=SUMPRODUCT(OFFSET(Mortality!$O44,0,0,'Assurance FActors'!D39,1),Mortality!$C$6^ROW(INDIRECT("1:"&$D$9)))/Mortality!F44} -> 0.38070167 | F39: {=SUMPRODUCT(OFFSET(Mortality!$P44,0,0,Mortality!$C$7,1),Mortality!$C$6^ROW(INDIRECT("1:"&$D$9)))/Mortality!H44} -> 0.39239935 | G39: {=SUMPRODUCT(OFFSET(Mortality!$Q44,0,0,Mortality!$C$7,1),Mortality!$C$6^ROW(INDIRECT("1:"&$D$9)))/Mortality!J44} -> 0.38950636

Sheet Annuity factors
D8: age | E8: term (n) | F8: crude | G8: Graduated_weighted | H8: Graduated_splines
D9: 20 | E9: 10 | F9: {=SUMPRODUCT(OFFSET(Mortality!$F14,0,0,'Annuity factors'!$E$9,1),Mortality!$C$6^(ROW(INDIRECT("1:"&$E$9))-1))/Mortality!F14} -> 7.6580384 | G9: {=SUMPRODUCT(OFFSET(Mortality!$H14,0,0,Mortality!$C$7,1),Mortality!$C$6^(ROW(INDIRECT("1:"&$E$9))-1))/Mortality!H14} -> 7.6547866 | H9: {=SUMPRODUCT(OFFSET(Mortality!$J14,0,0,Mortality!$C$7,1),Mortality!$C$6^(ROW(INDIRECT("1:"&$E$9))-1))/Mortality!J14} -> 7.6624118
D10: 21 | E10: 10 | F10: {=SUMPRODUCT(OFFSET(Mortality!$F15,0,0,'Annuity factors'!$E$9,1),Mortality!$C$6^(ROW(INDIRECT("1:"&$E$9))-1))/Mortality!F15} -> 7.6664207 | G10: {=SUMPRODUCT(OFFSET(Mortality!$H15,0,0,Mortality!$C$7,1),Mortality!$C$6^(ROW(INDIRECT("1:"&$E$9))-1))/Mortality!H15} -> 7.6451711 | H10: {=SUMPRODUCT(OFFSET(Mortality!$J15,0,0,Mortality!$C$7,1),Mortality!$C$6^(ROW(INDIRECT("1:"&$E$9))-1))/Mortality!J15} -> 7.6560466
D11: 22 | E11: 10 | F11: {=SUMPRODUCT(OFFSET(Mortality!$F16,0,0,'Annuity factors'!$E$9,1),Mortality!$C$6^(ROW(INDIRECT("1:"&$E$9))-1))/Mortality!F16} -> 7.6929334 | G11: {=SUMPRODUCT(OFFSET(Mortality!$H16,0,0,Mortality!$C$7,1),Mortality!$C$6^(ROW(INDIRECT("1:"&$E$9))-1))/Mortality!H16} -> 7.6346748 | H11: {=SUMPRODUCT(OFFSET(Mortality!$J16,0,0,Mortality!$C$7,1),Mortality!$C$6^(ROW(INDIRECT("1:"&$E$9))-1))/Mortality!J16} -> 7.6482305
D12: 23 | E12: 10 | F12: {=SUMPRODUCT(OFFSET(Mortality!$F17,0,0,'Annuity factors'!$E$9,1),Mortality!$C$6^(ROW(INDIRECT("1:"&$E$9))-1))/Mortality!F17} -> 7.6814999 | G12: {=SUMPRODUCT(OFFSET(Mortality!$H17,0,0,Mortality!$C$7,1),Mortality!$C$6^(ROW(INDIRECT("1:"&$E$9))-1))/Mortality!H17} -> 7.6232193 | H12: {=SUMPRODUCT(OFFSET(Mortality!$J17,0,0,Mortality!$C$7,1),Mortality!$C$6^(ROW(INDIRECT("1:"&$E$9))-1))/Mortality!J17} -> 7.6386853
D13: 24 | E13: 10 | F13: {=SUMPRODUCT(OFFSET(Mortality!$F18,0,0,'Annuity factors'!$E$9,1),Mortality!$C$6^(ROW(INDIRECT("1:"&$E$9))-1))/Mortality!F18} -> 7.6402049 | G13: {=SUMPRODUCT(OFFSET(Mortality!$H18,0,0,Mortality!$C$7,1),Mortality!$C$6^(ROW(INDIRECT("1:"&$E$9))-1))/Mortality!H18} -> 7.6107198 | H13: {=SUMPRODUCT(OFFSET(Mortality!$J18,0,0,Mortality!$C$7,1),Mortality!$C$6^(ROW(INDIRECT("1:"&$E$9))-1))/Mortality!J18} -> 7.6272736
D14: 25 | E14: 10 | F14: {=SUMPRODUCT(OFFSET(Mortality!$F19,0,0,'Annuity factors'!$E$9,1),Mortality!$C$6^(ROW(INDIRECT("1:"&$E$9))-1))/Mortality!F19} -> 7.5748241 | G14: {=SUMPRODUCT(OFFSET(Mortality!$H19,0,0,Mortality!$C$7,1),Mortality!$C$6^(ROW(INDIRECT("1:"&$E$9))-1))/Mortality!H19} -> 7.5970844 | H14: {=SUMPRODUCT(OFFSET(Mortality!$J19,0,0,Mortality!$C$7,1),Mortality!$C$6^(ROW(INDIRECT("1:"&$E$9))-1))/Mortality!J19} -> 7.6140041
D15: 26 | E15: 10 | F15: {=SUMPRODUCT(OFFSET(Mortality!$F20,0,0,'Annuity factors'!$E$9,1),Mortality!$C$6^(ROW(INDIRECT("1:"&$E$9))-1))/Mortality!F20} -> 7.566562 | G15: {=SUMPRODUCT(OFFSET(Mortality!$H20,0,0,Mortality!$C$7,1),Mortality!$C$6^(ROW(INDIRECT("1:"&$E$9))-1))/Mortality!H20} -> 7.5822138 | H15: {=SUMPRODUCT(OFFSET(Mortality!$J20,0,0,Mortality!$C$7,1),Mortality!$C$6^(ROW(INDIRECT("1:"&$E$9))-1))/Mortality!J20} -> 7.5989393
D16: 27 | E16: 10 | F16: {=SUMPRODUCT(OFFSET(Mortality!$F21,0,0,'Annuity factors'!$E$9,1),Mortality!$C$6^(ROW(INDIRECT("1:"&$E$9))-1))/Mortality!F21} -> 7.5388272 | G16: {=SUMPRODUCT(OFFSET(Mortality!$H21,0,0,Mortality!$C$7,1),Mortality!$C$6^(ROW(INDIRECT("1:"&$E$9))-1))/Mortality!H21} -> 7.5660008 | H16: {=SUMPRODUCT(OFFSET(Mortality!$J21,0,0,Mortality!$C$7,1),Mortality!$C$6^(ROW(INDIRECT("1:"&$E$9))-1))/Mortality!J21} -> 7.5820727
D17: 28 | E17: 10 | F17: {=SUMPRODUCT(OFFSET(Mortality!$F22,0,0,'Annuity factors'!$E$9,1),Mortality!$C$6^(ROW(INDIRECT("1:"&$E$9))-1))/Mortality!F22} -> 7.5229414 | G17: {=SUMPRODUCT(OFFSET(Mortality!$H22,0,0,Mortality!$C$7,1),Mortality!$C$6^(ROW(INDIRECT("1:"&$E$9))-1))/Mortality!H22} -> 7.54833 | H17: {=SUMPRODUCT(OFFSET(Mortality!$J22,0,0,Mortality!$C$7,1),Mortality!$C$6^(ROW(INDIRECT("1:"&$E$9))-1))/Mortality!J22} -> 7.5633092
D18: 29 | E18: 10 | F18: {=SUMPRODUCT(OFFSET(Mortality!$F23,0,0,'Annuity factors'!$E$9,1),Mortality!$C$6^(ROW(INDIRECT("1:"&$E$9))-1))/Mortality!F23} -> 7.4925679 | G18: {=SUMPRODUCT(OFFSET(Mortality!$H23,0,0,Mortality!$C$7,1),Mortality!$C$6^(ROW(INDIRECT("1:"&$E$9))-1))/Mortality!H23} -> 7.5290767 | H18: {=SUMPRODUCT(OFFSET(Mortality!$J23,0,0,Mortality!$C$7,1),Mortality!$C$6^(ROW(INDIRECT("1:"&$E$9))-1))/Mortality!J23} -> 7.5424471
D19: 30 | E19: 10 | F19: {=SUMPRODUCT(OFFSET(Mortality!$F24,0,0,'Annuity factors'!$E$9,1),Mortality!$C$6^(ROW(INDIRECT("1:"&$E$9))-1))/Mortality!F24} -> 7.5467393 | G19: {=SUMPRODUCT(OFFSET(Mortality!$H24,0,0,Mortality!$C$7,1),Mortality!$C$6^(ROW(INDIRECT("1:"&$E$9))-1))/Mortality!H24} -> 7.5081073 | H19: {=SUMPRODUCT(OFFSET(Mortality!$J24,0,0,Mortality!$C$7,1),Mortality!$C$6^(ROW(INDIRECT("1:"&$E$9))-1))/Mortality!J24} -> 7.519172
D20: 31 | E20: 10 | F20: {=SUMPRODUCT(OFFSET(Mortality!$F25,0,0,'Annuity factors'!$E$9,1),Mortality!$C$6^(ROW(INDIRECT("1:"&$E$9))-1))/Mortality!F25} -> 7.5908375 | G20: {=SUMPRODUCT(OFFSET(Mortality!$H25,0,0,Mortality!$C$7,1),Mortality!$C$6^(ROW(INDIRECT("1:"&$E$9))-1))/Mortality!H25} -> 7.4852782 | H20: {=SUMPRODUCT(OFFSET(Mortality!$J25,0,0,Mortality!$C$7,1),Mortality!$C$6^(ROW(INDIRECT("1:"&$E$9))-1))/Mortality!J25} -> 7.4930731
... D39: 50 | E39: 10 | F39: {=SUMPRODUCT(OFFSET(Mortality!$F44,0,0,'Annuity factors'!$E$9,1),Mortality!$C$6^(ROW(INDIRECT("1:"&$E$9))-1))/Mortality!F44} -> 6.4949107 | G39: {=SUMPRODUCT(OFFSET(Mortality!$H44,0,0,Mortality!$C$7,1),Mortality!$C$6^(ROW(INDIRECT("1:"&$E$9))-1))/Mortality!H44} -> 6.4332198 | H39: {=SUMPRODUCT(OFFSET(Mortality!$J44,0,0,Mortality!$C$7,1),Mortality!$C$6^(ROW(INDIRECT("1:"&$E$9))-1))/Mortality!J44} -> 6.3992335

Sheet EPV of Benefits
E9: Expected Present Value of benefits
D10: Age | E10: Crude | F10: Graduated _Weighted | G10: Graduated_ Splines
D11: 20 | E11: =Mortality!$C$4*'Assurance FActors'!E9 -> 5395.4462 | F11: =Mortality!$C$4*'Assurance FActors'!F9 -> 5338.9192 | G11: =Mortality!$C$4*'Assurance FActors'!G9 -> 5216.2926
D12: 21 | E12: =Mortality!$C$4*'Assurance FActors'!E10 -> 5613.142 | F12: =Mortality!$C$4*'Assurance FActors'!F10 -> 5462.8802 | G12: =Mortality!$C$4*'Assurance FActors'!G10 -> 5316.3645
D13: 22 | E13: =Mortality!$C$4*'Assurance FActors'!E11 -> 5375.893 | F13: =Mortality!$C$4*'Assurance FActors'!F11 -> 5597.9939 | G13: =Mortality!$C$4*'Assurance FActors'!G11 -> 5433.0937
D14: 23 | E14: =Mortality!$C$4*'Assurance FActors'!E12 -> 5345.3678 | F14: =Mortality!$C$4*'Assurance FActors'!F12 -> 5745.2131 | G14: =Mortality!$C$4*'Assurance FActors'!G12 -> 5568.8862
D15: 24 | E15: =Mortality!$C$4*'Assurance FActors'!E13 -> 5760.7199 | F15: =Mortality!$C$4*'Assurance FActors'!F13 -> 5905.5619 | G15: =Mortality!$C$4*'Assurance FActors'!G13 -> 5725.7173
D16: 25 | E16: =Mortality!$C$4*'Assurance FActors'!E14 -> 5938.1494 | F16: =Mortality!$C$4*'Assurance FActors'!F14 -> 6080.1394 | G16: =Mortality!$C$4*'Assurance FActors'!G14 -> 5904.8343
D17: 26 | E17: =Mortality!$C$4*'Assurance FActors'!E15 -> 6171.2671 | F17: =Mortality!$C$4*'Assurance FActors'!F15 -> 6270.1228 | G17: =Mortality!$C$4*'Assurance FActors'!G15 -> 6107.2752
D18: 27 | E18: =Mortality!$C$4*'Assurance FActors'!E16 -> 6355.0721 | F18: =Mortality!$C$4*'Assurance FActors'!F16 -> 6476.7698 | G18: =Mortality!$C$4*'Assurance FActors'!G16 -> 6334.2367
D19: 28 | E19: =Mortality!$C$4*'Assurance FActors'!E17 -> 6784.0497 | F19: =Mortality!$C$4*'Assurance FActors'!F17 -> 6701.4212 | G19: =Mortality!$C$4*'Assurance FActors'!G17 -> 6587.1275
D20: 29 | E20: =Mortality!$C$4*'Assurance FActors'!E18 -> 6984.2562 | F20: =Mortality!$C$4*'Assurance FActors'!F18 -> 6945.5019 | G20: =Mortality!$C$4*'Assurance FActors'!G18 -> 6867.5954
D21: 30 | E21: =Mortality!$C$4*'Assurance FActors'!E19 -> 6843.3629 | F21: =Mortality!$C$4*'Assurance FActors'!F19 -> 7210.522 | G21: =Mortality!$C$4*'Assurance FActors'!G19 -> 7177.6757
D22: 31 | E22: =Mortality!$C$4*'Assurance FActors'!E20 -> 7088.5549 | F22: =Mortality!$C$4*'Assurance FActors'!F20 -> 7498.0756 | G22: =Mortality!$C$4*'Assurance FActors'!G20 -> 7519.5701
... D41: 50 | E41: =Mortality!$C$4*'Assurance FActors'!E39 -> 19035.083 | F41: =Mortality!$C$4*'Assurance FActors'!F39 -> 19619.968 | G41: =Mortality!$C$4*'Assurance FActors'!G39 -> 19475.318

Sheet Premium
G9: Premium
E10: Age | F10: Crude | G10: Graduated_Weighted | H10: Graduated_Splines
E11: 20 | F11: ='EPV of Benefits'!E11/'Annuity factors'!F9 -> 704.54676 | G11: ='EPV of Benefits'!F11/'Annuity factors'!G9 -> 697.46153 | H11: ='EPV of Benefits'!G11/'Annuity factors'!H9 -> 680.7638
E12: 21 | F12: ='EPV of Benefits'!E12/'Annuity factors'!F10 -> 732.17244 | G12: ='EPV of Benefits'!F12/'Annuity factors'!G10 -> 714.55303 | H12: ='EPV of Benefits'!G12/'Annuity factors'!H10 -> 694.40075
E13: 22 | F13: ='EPV of Benefits'!E13/'Annuity factors'!F11 -> 698.80925 | G13: ='EPV of Benefits'!F13/'Annuity factors'!G11 -> 733.23279 | H13: ='EPV of Benefits'!G13/'Annuity factors'!H11 -> 710.37264
E14: 23 | F14: ='EPV of Benefits'!E14/'Annuity factors'!F12 -> 695.87553 | G14: ='EPV of Benefits'!F14/'Annuity factors'!G12 -> 753.64657 | H14: ='EPV of Benefits'!G14/'Annuity factors'!H12 -> 729.03726
E15: 24 | F15: ='EPV of Benefits'!E15/'Annuity factors'!F13 -> 754.00072 | G15: ='EPV of Benefits'!F15/'Annuity factors'!G13 -> 775.95314 | H15: ='EPV of Benefits'!G15/'Annuity factors'!H13 -> 750.68991
E16: 25 | F16: ='EPV of Benefits'!E16/'Annuity factors'!F14 -> 783.93232 | G16: ='EPV of Benefits'!F16/'Annuity factors'!G14 -> 800.32538 | H16: ='EPV of Benefits'!G16/'Annuity factors'!H14 -> 775.52287
E17: 26 | F17: ='EPV of Benefits'!E17/'Annuity factors'!F15 -> 815.59724 | G17: ='EPV of Benefits'!F17/'Annuity factors'!G15 -> 826.95146 | H17: ='EPV of Benefits'!G17/'Annuity factors'!H15 -> 803.70101
E18: 27 | F18: ='EPV of Benefits'!E18/'Annuity factors'!F16 -> 842.97888 | G18: ='EPV of Benefits'!F18/'Annuity factors'!G16 -> 856.03609 | H18: ='EPV of Benefits'!G18/'Annuity factors'!H16 -> 835.42285
E19: 28 | F19: ='EPV of Benefits'!E19/'Annuity factors'!F17 -> 901.78154 | G19: ='EPV of Benefits'!F19/'Annuity factors'!G17 -> 887.80183 | H19: ='EPV of Benefits'!G19/'Annuity factors'!H17 -> 870.93194
E20: 29 | F20: ='EPV of Benefits'!E20/'Annuity factors'!F18 -> 932.15787 | G20: ='EPV of Benefits'!F20/'Annuity factors'!G18 -> 922.49052 | H20: ='EPV of Benefits'!G20/'Annuity factors'!H18 -> 910.52616
E21: 30 | F21: ='EPV of Benefits'!E21/'Annuity factors'!F19 -> 906.79732 | G21: ='EPV of Benefits'!F21/'Annuity factors'!G19 -> 960.36481 | H21: ='EPV of Benefits'!G21/'Annuity factors'!H19 -> 954.58326
E22: 31 | F22: ='EPV of Benefits'!E22/'Annuity factors'!F20 -> 933.83041 | G22: ='EPV of Benefits'!F22/'Annuity factors'!G20 -> 1001.7097 | H22: ='EPV of Benefits'!G22/'Annuity factors'!H20 -> 1003.5362
... E41: 50 | F41: ='EPV of Benefits'!E41/'Annuity factors'!F39 -> 2930.769 | G41: ='EPV of Benefits'!F41/'Annuity factors'!G39 -> 3049.7897 | H41: ='EPV of Benefits'!G41/'Annuity factors'!H39 -> 3043.3829

Sheet Comparision
